{
    "emotion":{ 
            "anger": 0.04641140365730161, 
            "joy": 0.4006192930366682, 
            "fear": 0.20812971436459085, 
            "sadness": 0.0717528860854066, 
            "surprise": 0.2513475910477016
    }
}